<?xml version="1.0" encoding="UTF-8"?>
<project-private xmlns="http://www.netbeans.org/ns/project-private/1">
    <editor-bookmarks xmlns="http://www.netbeans.org/ns/editor-bookmarks/2" lastBookmarkId="0"/>
    <open-files xmlns="http://www.netbeans.org/ns/projectui-open-files/2">
        <group>
            <file>file:/home/joange/NetBeansProjects/2021_AD_XML/src/pkg2021_ad_xml/JSONLib.java</file>
            <file>file:/home/joange/NetBeansProjects/2021_AD_XML/src/pkg2021_ad_xml/Main.java</file>
            <file>file:/home/joange/NetBeansProjects/2021_AD_XML/moduls_copia.xml</file>
            <file>file:/home/joange/NetBeansProjects/2021_AD_XML/src/pkg2021_ad_xml/Modul.java</file>
            <file>file:/home/joange/NetBeansProjects/2021_AD_XML/moduls.json</file>
            <file>file:/home/joange/NetBeansProjects/2021_AD_XML/src/pkg2021_ad_xml/XMLLib.java</file>
        </group>
    </open-files>
</project-private>
