<?xml version="1.0" encoding="utf-8"?>
<?xml-stylesheet type="text/xsl" href="/schemas/mrd-1.4.xsl"?>
<MRData xmlns="http://ergast.com/mrd/1.4" series="f1" url="http://ergast.com/api/f1/2017/6/results" limit="30"
        offset="0" total="20">
    <RaceTable season="2017" round="6">
        <Race season="2017" round="6" url="https://en.wikipedia.org/wiki/2017_Monaco_Grand_Prix">
            <RaceName>Monaco Grand Prix</RaceName>
            <Circuit circuitId="monaco" url="http://en.wikipedia.org/wiki/Circuit_de_Monaco">
                <CircuitName>Circuit de Monaco</CircuitName>
                <Location lat="43.7347" long="7.42056">
                    <Locality>Monte-Carlo</Locality>
                    <Country>Monaco</Country>
                </Location>
            </Circuit>
            <Date>2017-05-28</Date>
            <Time>12:00:00Z</Time>
            <ResultsList>
                <Result number="5" position="1" positionText="1" points="25">
                    <Driver driverId="vettel" code="VET" url="http://en.wikipedia.org/wiki/Sebastian_Vettel">
                        <PermanentNumber>5</PermanentNumber>
                        <GivenName>Sebastian</GivenName>
                        <FamilyName>Vettel</FamilyName>
                        <DateOfBirth>1987-07-03</DateOfBirth>
                        <Nationality>German</Nationality>
                    </Driver>
                    <Constructor constructorId="ferrari" url="http://en.wikipedia.org/wiki/Scuderia_Ferrari">
                        <Name>Ferrari</Name>
                        <Nationality>Italian</Nationality>
                    </Constructor>
                    <Grid>2</Grid>
                    <Laps>78</Laps>
                    <Status statusId="1">Finished</Status>
                    <Time millis="6284340">1:44:44.340</Time>
                    <FastestLap rank="2" lap="38">
                        <Time>1:15.238</Time>
                        <AverageSpeed units="kph">159.669</AverageSpeed>
                    </FastestLap>
                </Result>
                <Result number="7" position="2" positionText="2" points="18">
                    <Driver driverId="raikkonen" code="RAI" url="http://en.wikipedia.org/wiki/Kimi_R%C3%A4ikk%C3%B6nen">
                        <PermanentNumber>7</PermanentNumber>
                        <GivenName>Kimi</GivenName>
                        <FamilyName>Räikkönen</FamilyName>
                        <DateOfBirth>1979-10-17</DateOfBirth>
                        <Nationality>Finnish</Nationality>
                    </Driver>
                    <Constructor constructorId="ferrari" url="http://en.wikipedia.org/wiki/Scuderia_Ferrari">
                        <Name>Ferrari</Name>
                        <Nationality>Italian</Nationality>
                    </Constructor>
                    <Grid>1</Grid>
                    <Laps>78</Laps>
                    <Status statusId="1">Finished</Status>
                    <Time millis="6287485">+3.145</Time>
                    <FastestLap rank="3" lap="39">
                        <Time>1:15.527</Time>
                        <AverageSpeed units="kph">159.058</AverageSpeed>
                    </FastestLap>
                </Result>
                <Result number="3" position="3" positionText="3" points="15">
                    <Driver driverId="ricciardo" code="RIC" url="http://en.wikipedia.org/wiki/Daniel_Ricciardo">
                        <PermanentNumber>3</PermanentNumber>
                        <GivenName>Daniel</GivenName>
                        <FamilyName>Ricciardo</FamilyName>
                        <DateOfBirth>1989-07-01</DateOfBirth>
                        <Nationality>Australian</Nationality>
                    </Driver>
                    <Constructor constructorId="red_bull" url="http://en.wikipedia.org/wiki/Red_Bull_Racing">
                        <Name>Red Bull</Name>
                        <Nationality>Austrian</Nationality>
                    </Constructor>
                    <Grid>5</Grid>
                    <Laps>78</Laps>
                    <Status statusId="1">Finished</Status>
                    <Time millis="6288085">+3.745</Time>
                    <FastestLap rank="4" lap="51">
                        <Time>1:15.756</Time>
                        <AverageSpeed units="kph">158.577</AverageSpeed>
                    </FastestLap>
                </Result>
                <Result number="77" position="4" positionText="4" points="12">
                    <Driver driverId="bottas" code="BOT" url="http://en.wikipedia.org/wiki/Valtteri_Bottas">
                        <PermanentNumber>77</PermanentNumber>
                        <GivenName>Valtteri</GivenName>
                        <FamilyName>Bottas</FamilyName>
                        <DateOfBirth>1989-08-28</DateOfBirth>
                        <Nationality>Finnish</Nationality>
                    </Driver>
                    <Constructor constructorId="mercedes"
                                 url="http://en.wikipedia.org/wiki/Mercedes-Benz_in_Formula_One">
                        <Name>Mercedes</Name>
                        <Nationality>German</Nationality>
                    </Constructor>
                    <Grid>3</Grid>
                    <Laps>78</Laps>
                    <Status statusId="1">Finished</Status>
                    <Time millis="6289857">+5.517</Time>
                    <FastestLap rank="9" lap="22">
                        <Time>1:16.439</Time>
                        <AverageSpeed units="kph">157.160</AverageSpeed>
                    </FastestLap>
                </Result>
                <Result number="33" position="5" positionText="5" points="10">
                    <Driver driverId="max_verstappen" code="VER" url="http://en.wikipedia.org/wiki/Max_Verstappen">
                        <PermanentNumber>33</PermanentNumber>
                        <GivenName>Max</GivenName>
                        <FamilyName>Verstappen</FamilyName>
                        <DateOfBirth>1997-09-30</DateOfBirth>
                        <Nationality>Dutch</Nationality>
                    </Driver>
                    <Constructor constructorId="red_bull" url="http://en.wikipedia.org/wiki/Red_Bull_Racing">
                        <Name>Red Bull</Name>
                        <Nationality>Austrian</Nationality>
                    </Constructor>
                    <Grid>4</Grid>
                    <Laps>78</Laps>
                    <Status statusId="1">Finished</Status>
                    <Time millis="6290539">+6.199</Time>
                    <FastestLap rank="8" lap="56">
                        <Time>1:16.329</Time>
                        <AverageSpeed units="kph">157.387</AverageSpeed>
                    </FastestLap>
                </Result>
                <Result number="55" position="6" positionText="6" points="8">
                    <Driver driverId="sainz" code="SAI" url="http://en.wikipedia.org/wiki/Carlos_Sainz_Jr.">
                        <PermanentNumber>55</PermanentNumber>
                        <GivenName>Carlos</GivenName>
                        <FamilyName>Sainz</FamilyName>
                        <DateOfBirth>1994-09-01</DateOfBirth>
                        <Nationality>Spanish</Nationality>
                    </Driver>
                    <Constructor constructorId="toro_rosso" url="http://en.wikipedia.org/wiki/Scuderia_Toro_Rosso">
                        <Name>Toro Rosso</Name>
                        <Nationality>Italian</Nationality>
                    </Constructor>
                    <Grid>6</Grid>
                    <Laps>78</Laps>
                    <Status statusId="1">Finished</Status>
                    <Time millis="6296378">+12.038</Time>
                    <FastestLap rank="14" lap="39">
                        <Time>1:16.649</Time>
                        <AverageSpeed units="kph">156.730</AverageSpeed>
                    </FastestLap>
                </Result>
                <Result number="44" position="7" positionText="7" points="6">
                    <Driver driverId="hamilton" code="HAM" url="http://en.wikipedia.org/wiki/Lewis_Hamilton">
                        <PermanentNumber>44</PermanentNumber>
                        <GivenName>Lewis</GivenName>
                        <FamilyName>Hamilton</FamilyName>
                        <DateOfBirth>1985-01-07</DateOfBirth>
                        <Nationality>British</Nationality>
                    </Driver>
                    <Constructor constructorId="mercedes"
                                 url="http://en.wikipedia.org/wiki/Mercedes-Benz_in_Formula_One">
                        <Name>Mercedes</Name>
                        <Nationality>German</Nationality>
                    </Constructor>
                    <Grid>13</Grid>
                    <Laps>78</Laps>
                    <Status statusId="1">Finished</Status>
                    <Time millis="6300141">+15.801</Time>
                    <FastestLap rank="5" lap="54">
                        <Time>1:15.825</Time>
                        <AverageSpeed units="kph">158.433</AverageSpeed>
                    </FastestLap>
                </Result>
                <Result number="8" position="8" positionText="8" points="4">
                    <Driver driverId="grosjean" code="GRO" url="http://en.wikipedia.org/wiki/Romain_Grosjean">
                        <PermanentNumber>8</PermanentNumber>
                        <GivenName>Romain</GivenName>
                        <FamilyName>Grosjean</FamilyName>
                        <DateOfBirth>1986-04-17</DateOfBirth>
                        <Nationality>French</Nationality>
                    </Driver>
                    <Constructor constructorId="haas" url="http://en.wikipedia.org/wiki/Haas_F1_Team">
                        <Name>Haas F1 Team</Name>
                        <Nationality>American</Nationality>
                    </Constructor>
                    <Grid>8</Grid>
                    <Laps>78</Laps>
                    <Status statusId="1">Finished</Status>
                    <Time millis="6302490">+18.150</Time>
                    <FastestLap rank="18" lap="45">
                        <Time>1:17.095</Time>
                        <AverageSpeed units="kph">155.823</AverageSpeed>
                    </FastestLap>
                </Result>
                <Result number="19" position="9" positionText="9" points="2">
                    <Driver driverId="massa" code="MAS" url="http://en.wikipedia.org/wiki/Felipe_Massa">
                        <PermanentNumber>19</PermanentNumber>
                        <GivenName>Felipe</GivenName>
                        <FamilyName>Massa</FamilyName>
                        <DateOfBirth>1981-04-25</DateOfBirth>
                        <Nationality>Brazilian</Nationality>
                    </Driver>
                    <Constructor constructorId="williams"
                                 url="http://en.wikipedia.org/wiki/Williams_Grand_Prix_Engineering">
                        <Name>Williams</Name>
                        <Nationality>British</Nationality>
                    </Constructor>
                    <Grid>14</Grid>
                    <Laps>78</Laps>
                    <Status statusId="1">Finished</Status>
                    <Time millis="6303785">+19.445</Time>
                    <FastestLap rank="12" lap="50">
                        <Time>1:16.543</Time>
                        <AverageSpeed units="kph">156.947</AverageSpeed>
                    </FastestLap>
                </Result>
                <Result number="20" position="10" positionText="10" points="1">
                    <Driver driverId="kevin_magnussen" code="MAG" url="http://en.wikipedia.org/wiki/Kevin_Magnussen">
                        <PermanentNumber>20</PermanentNumber>
                        <GivenName>Kevin</GivenName>
                        <FamilyName>Magnussen</FamilyName>
                        <DateOfBirth>1992-10-05</DateOfBirth>
                        <Nationality>Danish</Nationality>
                    </Driver>
                    <Constructor constructorId="haas" url="http://en.wikipedia.org/wiki/Haas_F1_Team">
                        <Name>Haas F1 Team</Name>
                        <Nationality>American</Nationality>
                    </Constructor>
                    <Grid>11</Grid>
                    <Laps>78</Laps>
                    <Status statusId="1">Finished</Status>
                    <Time millis="6305783">+21.443</Time>
                    <FastestLap rank="7" lap="44">
                        <Time>1:16.313</Time>
                        <AverageSpeed units="kph">157.420</AverageSpeed>
                    </FastestLap>
                </Result>
                <Result number="30" position="11" positionText="11" points="0">
                    <Driver driverId="jolyon_palmer" code="PAL" url="http://en.wikipedia.org/wiki/Jolyon_Palmer">
                        <PermanentNumber>30</PermanentNumber>
                        <GivenName>Jolyon</GivenName>
                        <FamilyName>Palmer</FamilyName>
                        <DateOfBirth>1991-01-20</DateOfBirth>
                        <Nationality>British</Nationality>
                    </Driver>
                    <Constructor constructorId="renault" url="http://en.wikipedia.org/wiki/Renault_in_Formula_One">
                        <Name>Renault</Name>
                        <Nationality>French</Nationality>
                    </Constructor>
                    <Grid>16</Grid>
                    <Laps>78</Laps>
                    <Status statusId="1">Finished</Status>
                    <Time millis="6307077">+22.737</Time>
                    <FastestLap rank="13" lap="55">
                        <Time>1:16.614</Time>
                        <AverageSpeed units="kph">156.801</AverageSpeed>
                    </FastestLap>
                </Result>
                <Result number="31" position="12" positionText="12" points="0">
                    <Driver driverId="ocon" code="OCO" url="http://en.wikipedia.org/wiki/Esteban_Ocon">
                        <PermanentNumber>31</PermanentNumber>
                        <GivenName>Esteban</GivenName>
                        <FamilyName>Ocon</FamilyName>
                        <DateOfBirth>1996-09-17</DateOfBirth>
                        <Nationality>French</Nationality>
                    </Driver>
                    <Constructor constructorId="force_india"
                                 url="http://en.wikipedia.org/wiki/Racing_Point_Force_India">
                        <Name>Force India</Name>
                        <Nationality>Indian</Nationality>
                    </Constructor>
                    <Grid>15</Grid>
                    <Laps>78</Laps>
                    <Status statusId="1">Finished</Status>
                    <Time millis="6308065">+23.725</Time>
                    <FastestLap rank="10" lap="52">
                        <Time>1:16.482</Time>
                        <AverageSpeed units="kph">157.072</AverageSpeed>
                    </FastestLap>
                </Result>
                <Result number="11" position="13" positionText="13" points="0">
                    <Driver driverId="perez" code="PER" url="http://en.wikipedia.org/wiki/Sergio_P%C3%A9rez">
                        <PermanentNumber>11</PermanentNumber>
                        <GivenName>Sergio</GivenName>
                        <FamilyName>Pérez</FamilyName>
                        <DateOfBirth>1990-01-26</DateOfBirth>
                        <Nationality>Mexican</Nationality>
                    </Driver>
                    <Constructor constructorId="force_india"
                                 url="http://en.wikipedia.org/wiki/Racing_Point_Force_India">
                        <Name>Force India</Name>
                        <Nationality>Indian</Nationality>
                    </Constructor>
                    <Grid>7</Grid>
                    <Laps>78</Laps>
                    <Status statusId="1">Finished</Status>
                    <Time millis="6323429">+39.089</Time>
                    <FastestLap rank="1" lap="76">
                        <Time>1:14.820</Time>
                        <AverageSpeed units="kph">160.561</AverageSpeed>
                    </FastestLap>
                </Result>
                <Result number="26" position="14" positionText="14" points="0">
                    <Driver driverId="kvyat" code="KVY" url="http://en.wikipedia.org/wiki/Daniil_Kvyat">
                        <PermanentNumber>26</PermanentNumber>
                        <GivenName>Daniil</GivenName>
                        <FamilyName>Kvyat</FamilyName>
                        <DateOfBirth>1994-04-26</DateOfBirth>
                        <Nationality>Russian</Nationality>
                    </Driver>
                    <Constructor constructorId="toro_rosso" url="http://en.wikipedia.org/wiki/Scuderia_Toro_Rosso">
                        <Name>Toro Rosso</Name>
                        <Nationality>Italian</Nationality>
                    </Constructor>
                    <Grid>9</Grid>
                    <Laps>71</Laps>
                    <Status statusId="130">Collision damage</Status>
                    <FastestLap rank="11" lap="43">
                        <Time>1:16.539</Time>
                        <AverageSpeed units="kph">156.955</AverageSpeed>
                    </FastestLap>
                </Result>
                <Result number="18" position="15" positionText="15" points="0">
                    <Driver driverId="stroll" code="STR" url="http://en.wikipedia.org/wiki/Lance_Stroll">
                        <PermanentNumber>18</PermanentNumber>
                        <GivenName>Lance</GivenName>
                        <FamilyName>Stroll</FamilyName>
                        <DateOfBirth>1998-10-29</DateOfBirth>
                        <Nationality>Canadian</Nationality>
                    </Driver>
                    <Constructor constructorId="williams"
                                 url="http://en.wikipedia.org/wiki/Williams_Grand_Prix_Engineering">
                        <Name>Williams</Name>
                        <Nationality>British</Nationality>
                    </Constructor>
                    <Grid>17</Grid>
                    <Laps>71</Laps>
                    <Status statusId="23">Brakes</Status>
                    <FastestLap rank="6" lap="71">
                        <Time>1:16.075</Time>
                        <AverageSpeed units="kph">157.912</AverageSpeed>
                    </FastestLap>
                </Result>
                <Result number="2" position="16" positionText="R" points="0">
                    <Driver driverId="vandoorne" code="VAN" url="http://en.wikipedia.org/wiki/Stoffel_Vandoorne">
                        <PermanentNumber>2</PermanentNumber>
                        <GivenName>Stoffel</GivenName>
                        <FamilyName>Vandoorne</FamilyName>
                        <DateOfBirth>1992-03-26</DateOfBirth>
                        <Nationality>Belgian</Nationality>
                    </Driver>
                    <Constructor constructorId="mclaren" url="http://en.wikipedia.org/wiki/McLaren">
                        <Name>McLaren</Name>
                        <Nationality>British</Nationality>
                    </Constructor>
                    <Grid>12</Grid>
                    <Laps>66</Laps>
                    <Status statusId="3">Accident</Status>
                    <FastestLap rank="15" lap="45">
                        <Time>1:16.665</Time>
                        <AverageSpeed units="kph">156.697</AverageSpeed>
                    </FastestLap>
                </Result>
                <Result number="9" position="17" positionText="R" points="0">
                    <Driver driverId="ericsson" code="ERI" url="http://en.wikipedia.org/wiki/Marcus_Ericsson">
                        <PermanentNumber>9</PermanentNumber>
                        <GivenName>Marcus</GivenName>
                        <FamilyName>Ericsson</FamilyName>
                        <DateOfBirth>1990-09-02</DateOfBirth>
                        <Nationality>Swedish</Nationality>
                    </Driver>
                    <Constructor constructorId="sauber" url="http://en.wikipedia.org/wiki/Sauber">
                        <Name>Sauber</Name>
                        <Nationality>Swiss</Nationality>
                    </Constructor>
                    <Grid>19</Grid>
                    <Laps>63</Laps>
                    <Status statusId="3">Accident</Status>
                    <FastestLap rank="16" lap="39">
                        <Time>1:16.829</Time>
                        <AverageSpeed units="kph">156.362</AverageSpeed>
                    </FastestLap>
                </Result>
                <Result number="22" position="18" positionText="R" points="0">
                    <Driver driverId="button" code="BUT" url="http://en.wikipedia.org/wiki/Jenson_Button">
                        <PermanentNumber>22</PermanentNumber>
                        <GivenName>Jenson</GivenName>
                        <FamilyName>Button</FamilyName>
                        <DateOfBirth>1980-01-19</DateOfBirth>
                        <Nationality>British</Nationality>
                    </Driver>
                    <Constructor constructorId="mclaren" url="http://en.wikipedia.org/wiki/McLaren">
                        <Name>McLaren</Name>
                        <Nationality>British</Nationality>
                    </Constructor>
                    <Grid>20</Grid>
                    <Laps>57</Laps>
                    <Status statusId="130">Collision damage</Status>
                    <FastestLap rank="17" lap="47">
                        <Time>1:16.912</Time>
                        <AverageSpeed units="kph">156.194</AverageSpeed>
                    </FastestLap>
                </Result>
                <Result number="94" position="19" positionText="R" points="0">
                    <Driver driverId="wehrlein" code="WEH" url="http://en.wikipedia.org/wiki/Pascal_Wehrlein">
                        <PermanentNumber>94</PermanentNumber>
                        <GivenName>Pascal</GivenName>
                        <FamilyName>Wehrlein</FamilyName>
                        <DateOfBirth>1994-10-18</DateOfBirth>
                        <Nationality>German</Nationality>
                    </Driver>
                    <Constructor constructorId="sauber" url="http://en.wikipedia.org/wiki/Sauber">
                        <Name>Sauber</Name>
                        <Nationality>Swiss</Nationality>
                    </Constructor>
                    <Grid>18</Grid>
                    <Laps>57</Laps>
                    <Status statusId="4">Collision</Status>
                    <FastestLap rank="20" lap="25">
                        <Time>1:18.034</Time>
                        <AverageSpeed units="kph">153.948</AverageSpeed>
                    </FastestLap>
                </Result>
                <Result number="27" position="20" positionText="R" points="0">
                    <Driver driverId="hulkenberg" code="HUL" url="http://en.wikipedia.org/wiki/Nico_H%C3%BClkenberg">
                        <PermanentNumber>27</PermanentNumber>
                        <GivenName>Nico</GivenName>
                        <FamilyName>Hülkenberg</FamilyName>
                        <DateOfBirth>1987-08-19</DateOfBirth>
                        <Nationality>German</Nationality>
                    </Driver>
                    <Constructor constructorId="renault" url="http://en.wikipedia.org/wiki/Renault_in_Formula_One">
                        <Name>Renault</Name>
                        <Nationality>French</Nationality>
                    </Constructor>
                    <Grid>10</Grid>
                    <Laps>15</Laps>
                    <Status statusId="6">Gearbox</Status>
                    <FastestLap rank="19" lap="13">
                        <Time>1:17.885</Time>
                        <AverageSpeed units="kph">154.242</AverageSpeed>
                    </FastestLap>
                </Result>
            </ResultsList>
        </Race>
    </RaceTable>
</MRData>