{"escena": {
    "width": 320,
    "figuras": [
        {"cercle": {
            "r": "26",
            "cx": "166",
            "cy": "105",
            "fill": "#94c147"
        }},
        {"rectangle": {
            "x": "137",
            "width": "58",
            "y": "108",
            "fill": "#ffffff",
            "height": "58"
        }},
        {"rectangle": {
            "x": "139",
            "width": "52",
            "y": "111",
            "fill": "#94c147",
            "height": "52"
        }},
        {"cercle": {
            "r": "3",
            "cx": "157",
            "cy": "96",
            "fill": "#ffffff"
        }},
        {"cercle": {
            "r": "3",
            "cx": "173",
            "cy": "96",
            "fill": "#ffffff"
        }},
        {"rectangle": {
            "x": "126",
            "width": "11",
            "y": "115",
            "fill": "#94c147",
            "height": "31"
        }},
        {"cercle": {
            "r": "5",
            "cx": "132",
            "cy": "115",
            "fill": "#94c147"
        }},
        {"cercle": {
            "r": "5",
            "cx": "132",
            "cy": "147",
            "fill": "#94c147"
        }},
        {"rectangle": {
            "x": "195",
            "width": "11",
            "y": "116",
            "fill": "#94c147",
            "height": "31"
        }},
        {"cercle": {
            "r": "5",
            "cx": "201",
            "cy": "115",
            "fill": "#94c147"
        }},
        {"cercle": {
            "r": "5",
            "cx": "200",
            "cy": "147",
            "fill": "#94c147"
        }},
        {"rectangle": {
            "x": "174",
            "width": "11",
            "y": "150",
            "fill": "#94c147",
            "height": "31"
        }},
        {"cercle": {
            "r": "5",
            "cx": "180",
            "cy": "181",
            "fill": "#94c147"
        }},
        {"rectangle": {
            "x": "146",
            "width": "11",
            "y": "150",
            "fill": "#94c147",
            "height": "31"
        }},
        {"cercle": {
            "r": "5",
            "cx": "151",
            "cy": "181",
            "fill": "#94c147"
        }},
        {"linia": {
            "y1": "75",
            "x1": "142",
            "y2": "93",
            "x2": "164",
            "stroke-width": "3",
            "stroke": "#94c147"
        }},
        {"linia": {
            "y1": "75",
            "x1": "186",
            "y2": "93",
            "x2": "164",
            "stroke-width": "3",
            "stroke": "#94c147"
        }}
    ],
    "height": 320
}}