<?xml version="1.0" encoding="UTF-8" standalone="no"?><curs><modul><nom convalidable="true">Accés a Dades</nom><hores>6</hores><qualificacio>8.45</qualificacio></modul><modul><nom convalidable="true">Programació de serveis i processos</nom><hores>3</hores><qualificacio>9.0</qualificacio></modul><modul><nom convalidable="true">Desenvolupament d'interfícies</nom><hores>6</hores><qualificacio>8.0</qualificacio></modul><modul><nom convalidable="true">Programació Multimèdia i dispositiud mòbils</nom><hores>5</hores><qualificacio>7.34</qualificacio></modul><modul><nom convalidable="true">Sistemes de Gestió Empresarial</nom><hores>5</hores><qualificacio>8.2</qualificacio></modul><modul><nom convalidable="true">Empresa i iniciativa emprenedora</nom><hores>3</hores><qualificacio>7.4</qualificacio></modul></curs>