{"curs": [
    {
        "hores": 6,
        "qualificacio": 8.45,
        "nom": "Accés a Dades"
    },
    {
        "hores": 3,
        "qualificacio": 9,
        "nom": "Programació de serveis i processos"
    },
    {
        "hores": 6,
        "qualificacio": 8,
        "nom": "Desenvolupament d'interfícies"
    },
    {
        "hores": 5,
        "qualificacio": 7.34,
        "nom": "Programació Multimèdia i dispositiud mòbils"
    },
    {
        "hores": 5,
        "qualificacio": 8.2,
        "nom": "Sistemes de Gestió Empresarial"
    },
    {
        "hores": 3,
        "qualificacio": 7.4,
        "nom": "Empresa i iniciativa emprenedora"
    }
]}